{"urls":["sound.mp3"],"sprite":{"byebye":[0,120425.55555555556],"daojian":[122000,1229.8866213151882],"gaoxing":[125000,2247.596371882082],"kaihuo":[129000,1517.233560090716],"tishi":[132000,1124.331065759634],"ui":[135000,1960.2494331065827]}}